ChEMBL_ID,Name,SMILES,MW,Source,Tanimoto_MaxSim,Best_Match_Ref,P_EGFR_active,QED,Repurposing_Score
CHEMBL2,PRAZOSIN,COc1cc2nc(N3CCN(C(=O)c4ccco4)CC3)nc(N)c2cc1OC,383.41,ChEMBL,0.1692,Gefitinib,0.6302,0.7266,0.4651
CHEMBL611,TERAZOSIN,COc1cc2nc(N3CCN(C(=O)C4CCCO4)CC3)nc(N)c2cc1OC,387.44,ChEMBL,0.1579,Gefitinib,0.5882,0.8306,0.4646
CHEMBL707,DOXAZOSIN,COc1cc2nc(N3CCN(C(=O)C4COc5ccccc5O4)CC3)nc(N)c2cc1OC,451.48,ChEMBL,0.1458,Gefitinib,0.6208,0.6335,0.4333
CHEMBL22,TRIMETHOPRIM,COc1cc(Cc2cnc(N)nc2N)cc(OC)c1OC,290.32,ChEMBL,0.1069,Osimertinib,0.549,0.8534,0.433
CHEMBL709,ALFUZOSIN,COc1cc2nc(N(C)CCCNC(=O)C3CCCO3)nc(N)c2cc1OC,389.46,ChEMBL,0.1645,Osimertinib,0.5908,0.6509,0.4323
CHEMBL438,SULFAMERAZINE,Cc1ccnc(NS(=O)(=O)c2ccc(N)cc2)n1,264.31,ChEMBL,0.1328,Osimertinib,0.5219,0.8107,0.424
CHEMBL446,SULFAMETHAZINE,Cc1cc(C)nc(NS(=O)(=O)c2ccc(N)cc2)n1,278.34,ChEMBL,0.11,Erlotinib,0.5128,0.8285,0.4148
CHEMBL36,PYRIMETHAMINE,CCc1nc(N)nc(N)c1-c1ccc(Cl)cc1,248.72,ChEMBL,0.1111,Erlotinib,0.4944,0.8561,0.4134
CHEMBL119,TRIMETREXATE,COc1cc(NCc2ccc3nc(N)nc(N)c3c2C)cc(OC)c1OC,369.43,ChEMBL,0.1172,Gefitinib,0.6094,0.607,0.412
CHEMBL439,SULFADIAZINE,Nc1ccc(S(=O)(=O)Nc2ncccn2)cc1,250.28,ChEMBL,0.112,Lapatinib,0.5135,0.7871,0.4076
CHEMBL585,TRIAMTERENE,Nc1nc(N)c2nc(-c3ccccc3)c(N)nc2n1,253.27,ChEMBL,0.0762,Erlotinib,0.5742,0.5852,0.3772
CHEMBL284092,GEPIRONE,CC1(C)CC(=O)N(CCCCN2CCN(c3ncccn3)CC2)C(=O)C1,359.47,ChEMBL,0.1405,Gefitinib,0.5062,0.567,0.3721
CHEMBL278819,MINAPRINE,Cc1cc(-c2ccccc2)nnc1NCCN1CCOCC1,298.39,ChEMBL,0.2137,Gefitinib,0.2542,0.9168,0.3705
CHEMBL49,BUSPIRONE,O=C1CC2(CCCC2)CC(=O)N1CCCCN1CCN(c2ncccn2)CC1,385.51,ChEMBL,0.127,Gefitinib,0.5008,0.5517,0.3615
CHEMBL34259,METHOTREXATE,CN(Cc1cnc2nc(N)nc(N)c2n1)c1ccc(C(=O)N[C@@H](CCC(=O)O)C(=O)O)cc1,454.45,ChEMBL,0.1049,Osimertinib,0.6045,0.2947,0.3427
CHEMBL713,ENTECAVIR ANHYDROUS,C=C1[C@H](CO)[C@@H](O)C[C@@H]1n1cnc2c(=O)[nH]c(N)nc21,277.28,ChEMBL,0.0738,Erlotinib,0.517,0.5301,0.3423
CHEMBL18,ETHOXZOLAMIDE,CCOc1ccc2nc(S(N)(=O)=O)sc2c1,258.32,ChEMBL,0.1359,Erlotinib,0.2231,0.9003,0.3237
CHEMBL121,ROSIGLITAZONE,CN(CCOc1ccc(CC2SC(=O)NC2=O)cc1)c1ccccn1,357.44,ChEMBL,0.1458,Osimertinib,0.2458,0.8209,0.3208
CHEMBL126,LINEZOLID,CC(=O)NC[C@H]1CN(c2ccc(N3CCOCC3)c(F)c2)C(=O)O1,337.35,ChEMBL,0.155,Gefitinib,0.1932,0.8916,0.3176
CHEMBL499,TIMOLOL,CC(C)(C)NC[C@H](O)COc1nsnc1N1CCOCC1,316.43,ChEMBL,0.1452,Gefitinib,0.2456,0.791,0.3145
CHEMBL599,MELOXICAM,Cc1cnc(NC(=O)C2=C(O)c3ccccc3S(=O)(=O)N2C)s1,351.41,ChEMBL,0.1103,Osimertinib,0.2316,0.8614,0.309
CHEMBL14376,ILOPERIDONE,COc1cc(C(C)=O)ccc1OCCCN1CCC(c2noc3cc(F)ccc23)CC1,426.49,ChEMBL,0.2537,Gefitinib,0.3265,0.3799,0.3081
CHEMBL716,QUETIAPINE,OCCOCCN1CCN(C2=Nc3ccccc3Sc3ccccc32)CC1,383.52,ChEMBL,0.1269,Gefitinib,0.2383,0.8049,0.3071
CHEMBL24828,VANDETANIB,COc1cc2/c(=N/c3ccc(Br)cc3F)nc[nH]c2cc1OCC1CCN(C)CC1,475.36,ChEMBL,0.1871,Gefitinib,0.2811,0.5936,0.306
CHEMBL802,MINOXIDIL,Nc1cc(N2CCCCC2)nc(N)[n+]1[O-],209.25,ChEMBL,0.0609,Gefitinib,0.4556,0.4959,0.3058
CHEMBL527,PIROXICAM,CN1C(C(=O)Nc2ccccn2)=C(O)c2ccccc2S1(=O)=O,331.35,ChEMBL,0.1119,Osimertinib,0.2135,0.8702,0.3042
CHEMBL4,OFLOXACIN,CC1COc2c(N3CCN(C)CC3)c(F)cc3c(=O)c(C(=O)O)cn1c23,361.37,ChEMBL,0.1095,Gefitinib,0.2126,0.8747,0.3038
CHEMBL33,LEVOFLOXACIN ANHYDROUS,C[C@H]1COc2c(N3CCN(C)CC3)c(F)cc3c(=O)c(C(=O)O)cn1c23,361.37,ChEMBL,0.1095,Gefitinib,0.2126,0.8747,0.3038
CHEMBL682,AMODIAQUINE,CCN(CC)Cc1cc(Nc2ccnc3cc(Cl)ccc23)ccc1O,355.87,ChEMBL,0.192,Afatinib,0.2643,0.598,0.3021
CHEMBL14370,REBOXETINE,CCOc1ccccc1OC(c1ccccc1)C1CNCCO1,313.4,ChEMBL,0.1121,Erlotinib,0.1948,0.8889,0.3005
CHEMBL826,ENOXACIN,CCn1cc(C(=O)O)c(=O)c2cc(F)c(N3CCNCC3)nc21,320.32,ChEMBL,0.1061,Gefitinib,0.2112,0.8639,0.2997
CHEMBL35,FUROSEMIDE,NS(=O)(=O)c1cc(C(=O)O)c(NCc2ccco2)cc1Cl,330.75,ChEMBL,0.1393,Afatinib,0.2245,0.7689,0.2993
CHEMBL15677,FENCLOFENAC,O=C(O)Cc1ccccc1Oc1ccc(Cl)cc1Cl,297.14,ChEMBL,0.1293,Afatinib,0.1642,0.9087,0.2991
CHEMBL567,PERPHENAZINE,OCCN1CCN(CCCN2c3ccccc3Sc3ccc(Cl)cc32)CC1,403.98,ChEMBL,0.1318,Gefitinib,0.2215,0.7887,0.2991
CHEMBL436,TOLRESTAT,COc1ccc2c(C(=S)N(C)CC(=O)O)cccc2c1C(F)(F)F,357.35,ChEMBL,0.1371,Afatinib,0.1861,0.8483,0.2989
CHEMBL10878,AGOMELATINE,COc1ccc2cccc(CCNC(C)=O)c2c1,243.31,ChEMBL,0.1321,Erlotinib,0.1653,0.8957,0.2981
CHEMBL31,GATIFLOXACIN,COc1c(N2CCNC(C)C2)c(F)cc2c(=O)c(C(=O)O)cn(C3CC3)c12,375.4,ChEMBL,0.1071,Gefitinib,0.2116,0.8503,0.2975
CHEMBL107,COLCHICINE,COc1cc2c(c(OC)c1OC)-c1ccc(OC)c(=O)cc1[C@@H](NC(C)=O)CC2,399.44,ChEMBL,0.0993,Osimertinib,0.2272,0.8325,0.2971
CHEMBL268869,SULFAMETHOXYPYRIDAZINE,COc1ccc(NS(=O)(=O)c2ccc(N)cc2)nn1,280.31,ChEMBL,0.1068,Erlotinib,0.2302,0.8045,0.2957
CHEMBL267744,TICRYNAFEN,O=C(O)COc1ccc(C(=O)c2cccs2)c(Cl)c1Cl,331.18,ChEMBL,0.1176,Afatinib,0.197,0.8478,0.2954
CHEMBL561,LOMEFLOXACIN,CCn1cc(C(=O)O)c(=O)c2cc(F)c(N3CCNC(C)C3)c(F)c21,351.35,ChEMBL,0.1029,Gefitinib,0.1912,0.882,0.294
CHEMBL728,PROCHLORPERAZINE,CN1CCN(CCCN2c3ccccc3Sc3ccc(Cl)cc32)CC1,373.95,ChEMBL,0.1406,Gefitinib,0.2062,0.7751,0.2937
CHEMBL621,TRAZODONE,O=c1n(CCCN2CCN(c3cccc(Cl)c3)CC2)nc2ccccn12,371.87,ChEMBL,0.1439,Gefitinib,0.2451,0.6904,0.2937
CHEMBL638,VORICONAZOLE,C[C@@H](c1ncncc1F)[C@](O)(Cn1cncn1)c1ccc(F)cc1F,349.32,ChEMBL,0.1037,Gefitinib,0.2477,0.764,0.2934
CHEMBL595,PIOGLITAZONE,CCc1ccc(CCOc2ccc(CC3SC(=O)NC3=O)cc2)nc1,356.45,ChEMBL,0.1077,Afatinib,0.2118,0.8253,0.2929
CHEMBL511,PYRILAMINE,COc1ccc(CN(CCN(C)C)c2ccccn2)cc1,285.39,ChEMBL,0.1364,Osimertinib,0.2046,0.7818,0.2928
CHEMBL597,PHENTOLAMINE,Cc1ccc(N(CC2=NCCN2)c2cccc(O)c2)cc1,281.36,ChEMBL,0.0922,Osimertinib,0.1869,0.9057,0.2928
CHEMBL502,DONEPEZIL,COc1cc2c(cc1OC)C(=O)C(CC1CCN(Cc3ccccc3)CC1)C2,379.5,ChEMBL,0.1462,Gefitinib,0.2085,0.7475,0.2914
CHEMBL5,NALIDIXIC ACID,CCn1cc(C(=O)O)c(=O)c2ccc(C)nc21,232.24,ChEMBL,0.1231,Osimertinib,0.1805,0.8495,0.2913
CHEMBL490,PAROXETINE,Fc1ccc([C@@H]2CCNC[C@H]2COc2ccc3c(c2)OCO3)cc1,329.37,ChEMBL,0.0791,Gefitinib,0.1816,0.9339,0.2911
CHEMBL506,PRIMAQUINE,COc1cc(NC(C)CCCN)c2ncccc2c1,259.35,ChEMBL,0.113,Erlotinib,0.1952,0.8371,0.2907
CHEMBL61,PODOFILOX,COc1cc([C@@H]2c3cc4c(cc3[C@H](O)[C@H]3COC(=O)[C@H]23)OCO4)cc(OC)c1OC,414.41,ChEMBL,0.0855,Osimertinib,0.2592,0.7629,0.2905
CHEMBL594,EMEDASTINE,CCOCCn1c(N2CCCN(C)CC2)nc2ccccc21,302.42,ChEMBL,0.1282,Erlotinib,0.2013,0.7931,0.2904
CHEMBL106,FLUCONAZOLE,OC(Cn1cncn1)(Cn1cncn1)c1ccc(F)cc1F,306.28,ChEMBL,0.1026,Gefitinib,0.2473,0.7515,0.2903
CHEMBL509,MECLOFENAMIC ACID,Cc1ccc(Cl)c(Nc2ccccc2C(=O)O)c1Cl,296.15,ChEMBL,0.1304,Afatinib,0.1647,0.8594,0.2899
CHEMBL708,ZIPRASIDONE,O=C1Cc2cc(CCN3CCN(c4nsc5ccccc45)CC3)c(Cl)cc2N1,412.95,ChEMBL,0.1172,Gefitinib,0.2531,0.7075,0.2896
CHEMBL443,SULFAMETHOXAZOLE,Cc1cc(NS(=O)(=O)c2ccc(N)cc2)no1,253.28,ChEMBL,0.1085,Lapatinib,0.2122,0.8047,0.2892
CHEMBL9,NORFLOXACIN,CCn1cc(C(=O)O)c(=O)c2cc(F)c(N3CCNCC3)cc21,319.34,ChEMBL,0.0909,Gefitinib,0.1864,0.891,0.2891
CHEMBL289469,GRANISETRON,CN1C2CCCC1CC(NC(=O)c1nn(C)c3ccccc13)C2,312.42,ChEMBL,0.0916,Afatinib,0.1679,0.9257,0.2889
CHEMBL76,CHLOROQUINE,CCN(CC)CCCC(C)Nc1ccnc2cc(Cl)ccc12,319.88,ChEMBL,0.152,Afatinib,0.192,0.7564,0.2889
CHEMBL19490,ZOMEPIRAC,Cc1cc(CC(=O)O)n(C)c1C(=O)c1ccc(Cl)cc1,291.73,ChEMBL,0.1197,Afatinib,0.1604,0.8813,0.2883
CHEMBL32,MOXIFLOXACIN,COc1c(N2C[C@@H]3CCCN[C@@H]3C2)c(F)cc2c(=O)c(C(=O)O)cn(C3CC3)c12,401.44,ChEMBL,0.102,Gefitinib,0.2096,0.8185,0.2883
CHEMBL460,MOLINDONE,CCc1c(C)[nH]c2c1C(=O)C(CN1CCOCC1)CC2,276.38,ChEMBL,0.12,Gefitinib,0.1417,0.9177,0.2882
CHEMBL831,LOXAPINE,CN1CCN(C2=Nc3ccccc3Oc3ccc(Cl)cc32)CC1,327.82,ChEMBL,0.144,Gefitinib,0.2076,0.737,0.288
CHEMBL406,INDAPAMIDE,CC1Cc2ccccc2N1NC(=O)c1ccc(Cl)c(S(N)(=O)=O)c1,365.84,ChEMBL,0.0963,Afatinib,0.1885,0.8705,0.288
CHEMBL453,SULFISOXAZOLE,Cc1noc(NS(=O)(=O)c2ccc(N)cc2)c1C,267.31,ChEMBL,0.0992,Lapatinib,0.2084,0.8242,0.2879
CHEMBL27,PROPRANOLOL,CC(C)NCC(O)COc1cccc2ccccc12,259.35,ChEMBL,0.1204,Erlotinib,0.1794,0.8375,0.2874
CHEMBL57,NEVIRAPINE,Cc1ccnc2c1NC(=O)c1cccnc1N2C1CC1,266.3,ChEMBL,0.0979,Osimertinib,0.1892,0.8617,0.2872
CHEMBL437,SULFATHIAZOLE,Nc1ccc(S(=O)(=O)Nc2nccs2)cc1,255.32,ChEMBL,0.1008,Lapatinib,0.2091,0.8143,0.2868
CHEMBL6,INDOMETHACIN,COc1ccc2c(c1)c(CC(=O)O)c(C)n2C(=O)c1ccc(Cl)cc1,357.79,ChEMBL,0.1163,Gefitinib,0.2153,0.7678,0.2862
CHEMBL781,MAZINDOL,OC1(c2ccc(Cl)cc2)c2ccccc2C2=NCCN21,284.75,ChEMBL,0.1048,Gefitinib,0.1732,0.8737,0.2859
CHEMBL54,HALOPERIDOL,O=C(CCCN1CCC(O)(c2ccc(Cl)cc2)CC1)c1ccc(F)cc1,375.87,ChEMBL,0.1452,Gefitinib,0.1893,0.7593,0.2857
CHEMBL416146,ETORICOXIB,Cc1ccc(-c2ncc(Cl)cc2-c2ccc(S(C)(=O)=O)cc2)cn1,358.85,ChEMBL,0.1241,Lapatinib,0.2371,0.7044,0.2854
CHEMBL430,GEMIFLOXACIN,CO/N=C1\CN(c2nc3c(cc2F)c(=O)c(C(=O)O)cn3C2CC2)CC1CN,389.39,ChEMBL,0.1014,Afatinib,0.2468,0.7304,0.2854
CHEMBL139,DICLOFENAC,O=C(O)Cc1ccccc1Nc1c(Cl)cccc1Cl,296.15,ChEMBL,0.114,Afatinib,0.1581,0.8807,0.285
CHEMBL8,CIPROFLOXACIN,O=C(O)c1cn(C2CC2)c2cc(N3CCNCC3)c(F)cc2c1=O,331.35,ChEMBL,0.0827,Afatinib,0.1831,0.8932,0.285
CHEMBL498,CHLORPROPAMIDE,CCCNC(=O)NS(=O)(=O)c1ccc(Cl)cc1,276.75,ChEMBL,0.1273,Afatinib,0.1447,0.8795,0.2847
CHEMBL685,MEBENDAZOLE,COC(=O)Nc1nc2cc(C(=O)c3ccccc3)ccc2[nH]1,295.3,ChEMBL,0.114,Erlotinib,0.2331,0.7275,0.2843
CHEMBL23,DILTIAZEM,COc1ccc([C@@H]2Sc3ccccc3N(CCN(C)C)C(=O)[C@@H]2OC(C)=O)cc1,414.53,ChEMBL,0.1316,Osimertinib,0.2401,0.6758,0.2838
CHEMBL37744,ZIMELDINE,CN(C)C/C=C(/c1ccc(Br)cc1)c1cccnc1,317.23,ChEMBL,0.1221,Osimertinib,0.1613,0.8517,0.2837
CHEMBL282724,SITAXENTAN,Cc1cc2c(cc1CC(=O)c1sccc1S(=O)(=O)Nc1onc(C)c1Cl)OCO2,454.91,ChEMBL,0.1181,Afatinib,0.3097,0.5613,0.2834
CHEMBL562,GRISEOFULVIN,COC1=CC(=O)C[C@@H](C)[C@]12Oc1c(Cl)c(OC)cc(OC)c1C2=O,352.77,ChEMBL,0.1016,Gefitinib,0.1906,0.8327,0.2834
CHEMBL407,FLUMAZENIL,CCOC(=O)c1ncn2c1CN(C)C(=O)c1cc(F)ccc1-2,303.29,ChEMBL,0.1149,Osimertinib,0.196,0.7932,0.283
CHEMBL741,LAMOTRIGINE,Nc1nnc(-c2cccc(Cl)c2Cl)c(N)n1,256.1,ChEMBL,0.0923,Lapatinib,0.2057,0.8138,0.282
CHEMBL656,OXYCODONE,COc1ccc2c3c1O[C@H]1C(=O)CC[C@@]4(O)[C@@H](C2)N(C)CC[C@]314,315.37,ChEMBL,0.1095,Gefitinib,0.175,0.8393,0.2817
CHEMBL22242,REMOXIPRIDE,CCN1CCC[C@H]1CNC(=O)c1c(OC)ccc(Br)c1OC,371.28,ChEMBL,0.1241,Osimertinib,0.1621,0.8356,0.2816
CHEMBL128,SUMATRIPTAN,CNS(=O)(=O)Cc1ccc2[nH]cc(CCN(C)C)c2c1,295.41,ChEMBL,0.1071,Osimertinib,0.1741,0.8446,0.2814
CHEMBL42,CLOZAPINE,CN1CCN(C2=Nc3cc(Cl)ccc3Nc3ccccc32)CC1,326.83,ChEMBL,0.1077,Gefitinib,0.1931,0.8001,0.2803
CHEMBL580,LORAZEPAM,O=C1Nc2ccc(Cl)cc2C(c2ccccc2Cl)=NC1O,321.16,ChEMBL,0.104,Afatinib,0.1728,0.8477,0.2803
CHEMBL85,RISPERIDONE,Cc1nc2n(c(=O)c1CCN1CCC(c3noc4cc(F)ccc34)CC1)CCCC2,410.49,ChEMBL,0.1184,Gefitinib,0.2536,0.6577,0.2803
CHEMBL564,PROMAZINE,CN(C)CCCN1c2ccccc2Sc2ccccc21,284.43,ChEMBL,0.1102,Osimertinib,0.1753,0.8289,0.28
CHEMBL13376,CLOMETACIN,COc1ccc2c(C(=O)c3ccc(Cl)cc3)c(C)n(CC(=O)O)c2c1,357.79,ChEMBL,0.127,Afatinib,0.2196,0.7024,0.2791
CHEMBL517,DISOPYRAMIDE,CC(C)N(CCC(C(N)=O)(c1ccccc1)c1ccccn1)C(C)C,339.48,ChEMBL,0.1182,Erlotinib,0.1785,0.8021,0.2791
CHEMBL700,SULFAPYRIDINE,Nc1ccc(S(=O)(=O)Nc2ccccn2)cc1,249.3,ChEMBL,0.1016,Lapatinib,0.1906,0.8064,0.2782
CHEMBL154,NAPROXEN,COc1ccc2cc([C@H](C)C(=O)O)ccc2c1,230.26,ChEMBL,0.1016,Osimertinib,0.1531,0.8811,0.2781
CHEMBL622,ETODOLAC,CCc1cccc2c3c([nH]c12)C(CC)(CC(=O)O)OCC3,287.36,ChEMBL,0.0924,Erlotinib,0.1495,0.9058,0.2779
CHEMBL637,VENLAFAXINE,COc1ccc(C(CN(C)C)C2(O)CCCCC2)cc1,277.41,ChEMBL,0.1061,Osimertinib,0.1362,0.8977,0.2765
CHEMBL563,FLURBIPROFEN,CC(C(=O)O)c1ccc(-c2ccccc2)c(F)c1,244.26,ChEMBL,0.1062,Afatinib,0.1362,0.8938,0.2757
CHEMBL715,OLANZAPINE,Cc1cc2c(s1)Nc1ccccc1N=C2N1CCN(C)CC1,312.44,ChEMBL,0.0827,Gefitinib,0.2018,0.8083,0.2755
CHEMBL568,OXAZEPAM,O=C1Nc2ccc(Cl)cc2C(c2ccccc2)=NC1O,286.72,ChEMBL,0.096,Afatinib,0.1696,0.8457,0.2754
CHEMBL750,ZONISAMIDE,NS(=O)(=O)Cc1noc2ccccc12,212.23,ChEMBL,0.1024,Lapatinib,0.191,0.79,0.2754
CHEMBL583,GREPAFLOXACIN,Cc1c(F)c(N2CCNC(C)C2)cc2c1c(=O)c(C(=O)O)cn2C1CC1,359.4,ChEMBL,0.0699,Afatinib,0.178,0.8795,0.2751
CHEMBL43,AMSACRINE,COc1cc(NS(C)(=O)=O)ccc1Nc1c2ccccc2nc2ccccc12,393.47,ChEMBL,0.1429,Lapatinib,0.3009,0.4877,0.2751
CHEMBL71,CHLORPROMAZINE,CN(C)CCCN1c2ccccc2Sc2ccc(Cl)cc21,318.87,ChEMBL,0.1143,Osimertinib,0.177,0.7918,0.2749
CHEMBL11,IMIPRAMINE,CN(C)CCCN1c2ccccc2CCc2ccccc21,280.42,ChEMBL,0.1111,Osimertinib,0.1569,0.8385,0.2749
CHEMBL549,CITALOPRAM,CN(C)CCCC1(c2ccc(F)cc2)OCc2cc(C#N)ccc21,324.4,ChEMBL,0.097,Gefitinib,0.17,0.8389,0.2746
CHEMBL25202,TAMIBAROTENE,CC1(C)CCC(C)(C)c2cc(NC(=O)c3ccc(C(=O)O)cc3)ccc21,351.45,ChEMBL,0.1167,Afatinib,0.1592,0.8188,0.2741
CHEMBL408,TROGLITAZONE,Cc1c(C)c2c(c(C)c1O)CCC(C)(COc1ccc(CC3SC(=O)NC3=O)cc1)O2,441.55,ChEMBL,0.0994,Osimertinib,0.2273,0.7166,0.274
CHEMBL744,RILUZOLE,Nc1nc2ccc(OC(F)(F)F)cc2s1,234.2,ChEMBL,0.0874,Erlotinib,0.185,0.8248,0.2739
CHEMBL480,LANSOPRAZOLE,Cc1c(OCC(F)(F)F)ccnc1C[S+]([O-])c1nc2ccccc2[nH]1,369.37,ChEMBL,0.1053,Lapatinib,0.2296,0.6986,0.2737
CHEMBL45,MELATONIN,COc1ccc2[nH]cc(CCNC(C)=O)c2c1,232.28,ChEMBL,0.1066,Afatinib,0.1551,0.8449,0.2737
CHEMBL505,CHLORPHENIRAMINE,CN(C)CCC(c1ccc(Cl)cc1)c1ccccn1,274.8,ChEMBL,0.1136,Osimertinib,0.1579,0.824,0.2734
CHEMBL122,ROFECOXIB,CS(=O)(=O)c1ccc(C2=C(c3ccccc3)C(=O)OC2)cc1,314.36,ChEMBL,0.0889,Lapatinib,0.1856,0.817,0.2732
CHEMBL686,MEFENAMIC ACID,Cc1cccc(Nc2ccccc2C(=O)O)c1C,241.29,ChEMBL,0.1,Osimertinib,0.1525,0.8601,0.273
CHEMBL17860,LOFEXIDINE,CC(Oc1c(Cl)cccc1Cl)C1=NCCN1,259.14,ChEMBL,0.0971,Erlotinib,0.1326,0.905,0.2729
CHEMBL819,OXACILLIN,Cc1onc(-c2ccccc2)c1C(=O)N[C@@H]1C(=O)N2[C@@H]1SC(C)(C)[C@@H]2C(=O)O,401.44,ChEMBL,0.0845,Afatinib,0.2213,0.7525,0.2728
CHEMBL21869,DIBROMSALAN,O=C(Nc1ccc(Br)cc1)c1cc(Br)ccc1O,371.03,ChEMBL,0.1091,Afatinib,0.1561,0.8329,0.2727
CHEMBL19236,MOXONIDINE,COc1nc(C)nc(Cl)c1NC1=NCCN1,241.68,ChEMBL,0.1111,Gefitinib,0.1944,0.7504,0.2723
CHEMBL641,ATOMOXETINE,CNCC[C@@H](Oc1ccccc1C)c1ccccc1,255.36,ChEMBL,0.1026,Afatinib,0.1535,0.849,0.2722
CHEMBL86,METOCLOPRAMIDE,CCN(CC)CCNC(=O)c1cc(Cl)c(N)cc1OC,299.8,ChEMBL,0.1356,Afatinib,0.1667,0.7558,0.2721
CHEMBL11662,OZAGREL,O=C(O)/C=C/c1ccc(Cn2ccnc2)cc1,228.25,ChEMBL,0.1145,Osimertinib,0.1583,0.8145,0.272
CHEMBL799,CILOSTAZOL,O=C1CCc2cc(OCCCCc3nnnn3C3CCCCC3)ccc2N1,369.47,ChEMBL,0.0946,Gefitinib,0.2066,0.7559,0.2717
CHEMBL15770,SULINDAC,CC1=C(CC(=O)O)c2cc(F)ccc2/C1=C\c1ccc([S+](C)[O-])cc1,356.42,ChEMBL,0.1085,Afatinib,0.1559,0.8279,0.2713
CHEMBL726,FLUPHENAZINE,OCCN1CCN(CCCN2c3ccccc3Sc3ccc(C(F)(F)F)cc32)CC1,437.53,ChEMBL,0.1037,Gefitinib,0.2102,0.7278,0.2711
CHEMBL531,PERGOLIDE,CCCN1C[C@H](CSC)C[C@@H]2c3cccc4[nH]cc(c34)C[C@H]21,314.5,ChEMBL,0.0781,Erlotinib,0.1437,0.9085,0.2704
CHEMBL811,BROMPHENIRAMINE,CN(C)CCC(c1ccc(Br)cc1)c1ccccn1,319.25,ChEMBL,0.1053,Osimertinib,0.1546,0.8301,0.27
CHEMBL118,CELECOXIB,Cc1ccc(-c2cc(C(F)(F)F)nn2-c2ccc(S(N)(=O)=O)cc2)cc1,381.38,ChEMBL,0.0922,Lapatinib,0.2056,0.7541,0.2699
CHEMBL575,METHICILLIN,COc1cccc(OC)c1C(=O)N[C@@H]1C(=O)N2[C@@H]1SC(C)(C)[C@@H]2C(=O)O,380.42,ChEMBL,0.1119,Osimertinib,0.1948,0.7329,0.2693
CHEMBL428,TROVAFLOXACIN,N[C@@H]1[C@H]2CN(c3nc4c(cc3F)c(=O)c(C(=O)O)cn4-c3ccc(F)cc3F)C[C@@H]12,416.36,ChEMBL,0.0909,Afatinib,0.2426,0.6764,0.2687
CHEMBL15870,INDOPROFEN,CC(C(=O)O)c1ccc(N2Cc3ccccc3C2=O)cc1,281.31,ChEMBL,0.0634,Osimertinib,0.1379,0.9404,0.2686
CHEMBL415,CLOMIPRAMINE,CN(C)CCCN1c2ccccc2CCc2ccc(Cl)cc21,314.86,ChEMBL,0.1071,Osimertinib,0.1553,0.8179,0.2685
CHEMBL659,GALANTAMINE,COc1ccc2c3c1O[C@H]1C[C@@H](O)C=C[C@@]31CCN(C)C2,287.36,ChEMBL,0.1119,Gefitinib,0.1573,0.8005,0.2678
CHEMBL746,NEDOCROMIL,CCCc1c2oc(C(=O)O)cc(=O)c2cc2c(=O)cc(C(=O)O)n(CC)c12,371.35,ChEMBL,0.0952,Lapatinib,0.2443,0.6596,0.2677
CHEMBL634,ALFENTANIL,CCC(=O)N(c1ccccc1)C1(COC)CCN(CCn2nnn(CC)c2=O)CC1,416.53,ChEMBL,0.1241,Gefitinib,0.2371,0.614,0.2673
CHEMBL79,LIDOCAINE,CCN(CC)CC(=O)Nc1c(C)cccc1C,234.34,ChEMBL,0.1204,Afatinib,0.1232,0.849,0.2672
CHEMBL12,DIAZEPAM,CN1C(=O)CN=C(c2ccccc2)c2cc(Cl)ccc21,284.75,ChEMBL,0.1138,Gefitinib,0.158,0.7916,0.267
CHEMBL41,FLUOXETINE,CNCCC(Oc1ccc(C(F)(F)F)cc1)c1ccccc1,309.33,ChEMBL,0.0909,Afatinib,0.1489,0.8518,0.2663
CHEMBL524,METHOXAMINE,COc1ccc(OC)c(C(O)C(C)N)c1,211.26,ChEMBL,0.1158,Erlotinib,0.1588,0.7819,0.2662
CHEMBL12713,SERTINDOLE,O=C1NCCN1CCN1CCC(c2cn(-c3ccc(F)cc3)c3ccc(Cl)cc23)CC1,440.95,ChEMBL,0.1429,Gefitinib,0.2072,0.6281,0.2657
CHEMBL434394,NEBIVOLOL,OC(CNCC(O)C1CCc2cc(F)ccc2O1)C1CCc2cc(F)ccc2O1,405.44,ChEMBL,0.1074,Gefitinib,0.2117,0.6885,0.2653
CHEMBL46,ONDANSETRON,Cc1nccn1CC1CCc2c(c3ccccc3n2C)C1=O,293.37,ChEMBL,0.1066,Erlotinib,0.1926,0.728,0.2653
CHEMBL72,DESIPRAMINE,CNCCCN1c2ccccc2CCc2ccccc21,266.39,ChEMBL,0.0891,Erlotinib,0.1481,0.8516,0.2652
CHEMBL571,KETOPROFEN,CC(C(=O)O)c1cccc(C(=O)c2ccccc2)c1,254.28,ChEMBL,0.0882,Erlotinib,0.1478,0.8528,0.265
CHEMBL500,PINDOLOL,CC(C)NCC(O)COc1cccc2[nH]ccc12,248.33,ChEMBL,0.1182,Erlotinib,0.1785,0.7316,0.265
CHEMBL646,TRIAZOLAM,Cc1nnc2n1-c1ccc(Cl)cc1C(c1ccccc1Cl)=NC2,343.22,ChEMBL,0.1154,Gefitinib,0.2149,0.6635,0.2648
CHEMBL817,TOLAZAMIDE,Cc1ccc(S(=O)(=O)NC(=O)NN2CCCCCC2)cc1,311.41,ChEMBL,0.0741,Osimertinib,0.1421,0.8916,0.2648
CHEMBL422,TRIFLUOPERAZINE,CN1CCN(CCCN2c3ccccc3Sc3ccc(C(F)(F)F)cc32)CC1,407.51,ChEMBL,0.1119,Gefitinib,0.1948,0.7095,0.2646
CHEMBL636,RIVASTIGMINE,CCN(C)C(=O)Oc1cccc([C@H](C)N(C)C)c1,250.34,ChEMBL,0.1111,Afatinib,0.1382,0.8234,0.2644
CHEMBL639,AZELASTINE,CN1CCCC(n2nc(Cc3ccc(Cl)cc3)c3ccccc3c2=O)CC1,381.91,ChEMBL,0.1087,Gefitinib,0.2122,0.6786,0.2641
CHEMBL623,NEFAZODONE,CCc1nn(CCCN2CCN(c3cccc(Cl)c3)CC2)c(=O)n1CCOc1ccccc1,470.02,ChEMBL,0.162,Gefitinib,0.271,0.4542,0.264
CHEMBL457,GEMFIBROZIL,Cc1ccc(C)c(OCCCC(C)(C)C(=O)O)c1,250.34,ChEMBL,0.1373,Erlotinib,0.1299,0.785,0.2639
CHEMBL681,ETOMIDATE,CCOC(=O)c1cncn1[C@H](C)c1ccccc1,244.29,ChEMBL,0.1,Erlotinib,0.1713,0.7766,0.2638
CHEMBL655,MIDAZOLAM,Cc1ncc2n1-c1ccc(Cl)cc1C(c1ccccc1F)=NC2,325.77,ChEMBL,0.1298,Gefitinib,0.2019,0.6549,0.2637
CHEMBL21536,XANOMELINE,CCCCCCOc1nsnc1C1=CCCN(C)C1,281.43,ChEMBL,0.12,Gefitinib,0.1792,0.7193,0.2635
CHEMBL570,TRIFLUPROMAZINE,CN(C)CCCN1c2ccccc2Sc2ccc(C(F)(F)F)cc21,352.43,ChEMBL,0.1119,Osimertinib,0.176,0.741,0.2634
CHEMBL829,METHYLPROMAZINE,CC(CN(C)C)CN1c2ccccc2Sc2ccccc21,298.46,ChEMBL,0.0833,Osimertinib,0.1646,0.8211,0.2634
CHEMBL492,ETIDOCAINE,CCCN(CC)C(CC)C(=O)Nc1c(C)cccc1C,276.42,ChEMBL,0.1231,Osimertinib,0.1242,0.8223,0.2634
CHEMBL497,CLIOQUINOL,Oc1c(I)cc(Cl)c2cccnc12,305.5,ChEMBL,0.1182,Afatinib,0.1598,0.7583,0.2629
CHEMBL16476,PRONETALOL,CC(C)NCC(O)c1ccc2ccccc2c1,229.32,ChEMBL,0.0865,Erlotinib,0.1471,0.8446,0.2624
CHEMBL19299,LOXOPROFEN,CC(C(=O)O)c1ccc(CC2CCCC2=O)cc1,246.31,ChEMBL,0.0977,Osimertinib,0.1141,0.8883,0.2624
CHEMBL277100,TEMAFLOXACIN,CC1CN(c2cc3c(cc2F)c(=O)c(C(=O)O)cn3-c2ccc(F)cc2F)CCN1,417.39,ChEMBL,0.0897,Afatinib,0.2234,0.6857,0.2624
CHEMBL596,FENTANYL,CCC(=O)N(c1ccccc1)C1CCN(CCc2ccccc2)CC1,336.48,ChEMBL,0.1053,Erlotinib,0.1546,0.7915,0.2623
CHEMBL658,SUFENTANIL,CCC(=O)N(c1ccccc1)C1(COC)CCN(CCc2cccs2)CC1,386.56,ChEMBL,0.1176,Gefitinib,0.197,0.6811,0.2621
CHEMBL643,PROMETHAZINE,CC(CN1c2ccccc2Sc2ccccc21)N(C)C,284.43,ChEMBL,0.0769,Osimertinib,0.162,0.8322,0.262
CHEMBL485,CODEINE,COc1ccc2c3c1O[C@H]1[C@@H](O)C=C[C@H]4[C@@H](C2)N(C)CC[C@@]341,299.37,ChEMBL,0.1022,Gefitinib,0.1534,0.7981,0.2619
CHEMBL661,ALPRAZOLAM,Cc1nnc2n1-c1ccc(Cl)cc1C(c1ccccc1)=NC2,308.77,ChEMBL,0.1,Gefitinib,0.2088,0.6894,0.2614
CHEMBL648,CYCLIZINE,CN1CCN(C(c2ccccc2)c2ccccc2)CC1,266.39,ChEMBL,0.0841,Gefitinib,0.1461,0.8423,0.2605
CHEMBL101,PHENYLBUTAZONE,CCCCC1C(=O)N(c2ccccc2)N(c2ccccc2)C1=O,308.38,ChEMBL,0.1031,Erlotinib,0.1537,0.7886,0.2604
CHEMBL416956,MEFLOQUINE,OC(c1cc(C(F)(F)F)nc2c(C(F)(F)F)cccc12)C1CCCCN1,378.32,ChEMBL,0.1,Erlotinib,0.1713,0.7594,0.2604
CHEMBL615,PENICILLIN V,CC1(C)S[C@@H]2[C@H](NC(=O)COc3ccccc3)C(=O)N2[C@H]1C(=O)O,350.4,ChEMBL,0.1,Erlotinib,0.1713,0.7591,0.2603
CHEMBL761,NAPHAZOLINE,c1ccc2c(CC3=NCCN3)cccc2c1,210.28,ChEMBL,0.0943,Erlotinib,0.1502,0.8083,0.2595
CHEMBL644,TRIMIPRAMINE,CC(CN(C)C)CN1c2ccccc2CCc2ccccc21,294.44,ChEMBL,0.084,Osimertinib,0.1461,0.8366,0.2594
CHEMBL833,TICLOPIDINE,Clc1ccccc1CN1CCc2sccc2C1,263.79,ChEMBL,0.0992,Gefitinib,0.1522,0.7928,0.2591
CHEMBL29,PENICILLIN G,CC1(C)S[C@@H]2[C@H](NC(=O)Cc3ccccc3)C(=O)N2[C@H]1C(=O)O,334.4,ChEMBL,0.0966,Lapatinib,0.1511,0.7978,0.2586
CHEMBL762,OXYMETAZOLINE,Cc1cc(C(C)(C)C)c(O)c(C)c1CC1=NCCN1,260.38,ChEMBL,0.0876,Osimertinib,0.1288,0.8585,0.2583
CHEMBL421,SULFASALAZINE,O=C(O)c1cc(/N=N/c2ccc(S(=O)(=O)Nc3ccccn3)cc2)ccc1O,398.4,ChEMBL,0.094,Osimertinib,0.2814,0.5406,0.2583
CHEMBL33986,BUTORPHANOL,Oc1ccc2c(c1)[C@@]13CCCC[C@@]1(O)[C@@H](C2)N(CC1CCC1)CC3,327.47,ChEMBL,0.0803,Gefitinib,0.1259,0.8752,0.2575
CHEMBL6995,PRACTOLOL,CC(=O)Nc1ccc(OCC(O)CNC(C)C)cc1,266.34,ChEMBL,0.1304,Afatinib,0.1647,0.6971,0.2575
CHEMBL779,TADALAFIL,CN1CC(=O)N2[C@H](c3ccc4c(c3)OCO4)c3[nH]c4ccccc4c3C[C@@H]2C1=O,389.41,ChEMBL,0.0784,Gefitinib,0.2189,0.6926,0.2574
CHEMBL285674,ESTAZOLAM,Clc1ccc2c(c1)C(c1ccccc1)=NCc1nncn1-2,294.75,ChEMBL,0.0923,Gefitinib,0.2057,0.6911,0.2574
CHEMBL19019,NALTREXONE,O=C1CC[C@@]2(O)[C@H]3Cc4ccc(O)c5c4[C@@]2(CCN3CC2CC2)[C@H]1O5,341.41,ChEMBL,0.0608,Gefitinib,0.1556,0.8536,0.2573
CHEMBL651,METHADONE,CCC(=O)C(CC(C)N(C)C)(c1ccccc1)c1ccccc1,309.45,ChEMBL,0.1071,Afatinib,0.1553,0.7601,0.257
CHEMBL628,PENTOXIFYLLINE,CC(=O)CCCCn1c(=O)c2c(ncn2C)n(C)c1=O,278.31,ChEMBL,0.0887,Afatinib,0.1855,0.7315,0.256
CHEMBL593,DELAVIRDINE,CC(C)Nc1cccnc1N1CCN(C(=O)c2cc3cc(NS(C)(=O)=O)ccc3[nH]2)CC1,456.57,ChEMBL,0.1081,Afatinib,0.2682,0.5261,0.2557
CHEMBL809,SERTRALINE,CN[C@H]1CC[C@@H](c2ccc(Cl)c(Cl)c2)c2ccccc21,306.24,ChEMBL,0.1017,Gefitinib,0.1344,0.8059,0.2556
CHEMBL17,DICHLORPHENAMIDE,NS(=O)(=O)c1cc(Cl)c(Cl)c(S(N)(=O)=O)c1,305.16,ChEMBL,0.0833,Lapatinib,0.1458,0.8152,0.2547
CHEMBL657,DIPHENHYDRAMINE,CN(C)CCOC(c1ccccc1)c1ccccc1,255.36,ChEMBL,0.0935,Afatinib,0.1499,0.7846,0.2543
CHEMBL9225,HEXESTROL,CC[C@H](c1ccc(O)cc1)[C@@H](CC)c1ccc(O)cc1,270.37,ChEMBL,0.0795,Erlotinib,0.1443,0.8201,0.2535
CHEMBL32479,BROTIZOLAM,Cc1nnc2n1-c1sc(Br)cc1C(c1ccccc1Cl)=NC2,393.7,ChEMBL,0.0985,Gefitinib,0.2269,0.6146,0.2531
CHEMBL782,TOLBUTAMIDE,CCCCNC(=O)NS(=O)(=O)c1ccc(C)cc1,270.35,ChEMBL,0.098,Erlotinib,0.133,0.8008,0.2526
CHEMBL605,PROCAINAMIDE HYDROCHLORIDE,CCN(CC)CCNC(=O)c1ccc(N)cc1.Cl,271.79,ChEMBL,0.1062,Afatinib,0.1362,0.7755,0.2521
CHEMBL796,METHYLPHENIDATE,COC(=O)C(c1ccccc1)C1CCCCN1,233.31,ChEMBL,0.0924,Afatinib,0.1307,0.8123,0.2517
CHEMBL827,DEXMETHYLPHENIDATE,COC(=O)[C@H](c1ccccc1)[C@H]1CCCCN1,233.31,ChEMBL,0.0924,Afatinib,0.1307,0.8123,0.2517
CHEMBL84,TOPOTECAN,CC[C@@]1(O)C(=O)OCc2c1cc1n(c2=O)Cc2cc3c(CN(C)C)c(O)ccc3nc2-1,421.45,ChEMBL,0.1012,Lapatinib,0.2842,0.4865,0.2515
CHEMBL642,ACEBUTOLOL,CCCC(=O)Nc1ccc(OCC(O)CNC(C)C)c(C(C)=O)c1,336.43,ChEMBL,0.1508,Afatinib,0.1916,0.571,0.2512
CHEMBL13,METOPROLOL,COCCc1ccc(OCC(O)CNC(C)C)cc1,267.37,ChEMBL,0.1132,Erlotinib,0.1578,0.7136,0.2511
CHEMBL471,SOTALOL,CC(C)NCC(O)c1ccc(NS(C)(=O)=O)cc1,272.37,ChEMBL,0.1094,Lapatinib,0.1563,0.7241,0.2511
CHEMBL18116,TOLOXATONE,Cc1cccc(N2CC(CO)OC2=O)c1,207.23,ChEMBL,0.097,Lapatinib,0.1326,0.7951,0.2509
CHEMBL473,DOFETILIDE,CN(CCOc1ccc(NS(C)(=O)=O)cc1)CCc1ccc(NS(C)(=O)=O)cc1,441.58,ChEMBL,0.1168,Lapatinib,0.2342,0.5525,0.2509
CHEMBL565,CLOFIBRATE,CCOC(=O)C(C)(C)Oc1ccc(Cl)cc1,242.7,ChEMBL,0.1091,Afatinib,0.1374,0.7616,0.2509
CHEMBL698,TETRACAINE,CCCCNc1ccc(C(=O)OCCN(C)C)cc1,264.37,ChEMBL,0.1607,Afatinib,0.1768,0.5787,0.2507
CHEMBL80,NALOXONE,C=CCN1CC[C@]23c4c5ccc(O)c4O[C@H]2C(=O)CC[C@@]3(O)[C@H]1C5,327.38,ChEMBL,0.0675,Osimertinib,0.1582,0.8015,0.2506
CHEMBL589,ROPINIROLE,CCCN(CCC)CCc1cccc2c1CC(=O)N2,260.38,ChEMBL,0.1019,Erlotinib,0.1158,0.8173,0.2505
CHEMBL456,ETHACRYNIC ACID,C=C(CC)C(=O)c1ccc(OCC(=O)O)c(Cl)c1Cl,303.14,ChEMBL,0.1504,Afatinib,0.1539,0.6439,0.2505
CHEMBL428880,CROMOLYN,O=C(O)c1cc(=O)c2c(OCC(O)COc3cccc4oc(C(=O)O)cc(=O)c34)cccc2o1,468.37,ChEMBL,0.1091,Erlotinib,0.3436,0.3454,0.2502
CHEMBL141,LAMIVUDINE,Nc1ccn([C@@H]2CS[C@H](CO)O2)c(=O)n1,229.26,ChEMBL,0.0876,Osimertinib,0.185,0.7039,0.2498
CHEMBL668,PROTRIPTYLINE,CNCCCC1c2ccccc2C=Cc2ccccc21,263.38,ChEMBL,0.0891,Erlotinib,0.1294,0.8109,0.2496
CHEMBL276520,INDALPINE,c1ccc2c(CCC3CCNCC3)c[nH]c2c1,228.34,ChEMBL,0.0818,Erlotinib,0.1265,0.8298,0.2493
CHEMBL469,KETOROLAC,O=C(c1ccccc1)c1ccc2n1CCC2C(=O)O,255.27,ChEMBL,0.058,Osimertinib,0.1357,0.8559,0.2487
CHEMBL701,BACLOFEN,NCC(CC(=O)O)c1ccc(Cl)cc1,213.66,ChEMBL,0.1038,Afatinib,0.1165,0.8026,0.2486
CHEMBL768,ESMOLOL,COC(=O)CCc1ccc(OCC(O)CNC(C)C)cc1,295.38,ChEMBL,0.1074,Afatinib,0.1742,0.6763,0.2479
CHEMBL629,AMITRIPTYLINE,CN(C)CCC=C1c2ccccc2CCc2ccccc21,277.41,ChEMBL,0.0846,Osimertinib,0.1276,0.8137,0.2476
CHEMBL288470,AMINOPYRINE,Cc1c(N(C)C)c(=O)n(-c2ccccc2)n1C,231.3,ChEMBL,0.0811,Afatinib,0.1449,0.7847,0.2473
CHEMBL445,NORTRIPTYLINE,CNCCC=C1c2ccccc2CCc2ccccc21,263.38,ChEMBL,0.0777,Erlotinib,0.1248,0.83,0.247
CHEMBL712,ANISINDIONE,COc1ccc(C2C(=O)c3ccccc3C2=O)cc1,252.27,ChEMBL,0.0709,Osimertinib,0.1596,0.7718,0.2466
CHEMBL680,CEFACLOR ANHYDROUS,N[C@@H](C(=O)N[C@@H]1C(=O)N2C(C(=O)O)=C(Cl)CS[C@H]12)c1ccccc1,367.81,ChEMBL,0.1061,Gefitinib,0.1737,0.6724,0.2464
CHEMBL607,MEPERIDINE,CCOC(=O)C1(c2ccccc2)CCN(C)CC1,247.34,ChEMBL,0.0985,Osimertinib,0.1332,0.767,0.2461
CHEMBL411,DIETHYLSTILBESTROL,CC/C(=C(/CC)c1ccc(O)cc1)c1ccc(O)cc1,268.36,ChEMBL,0.0805,Erlotinib,0.1447,0.7797,0.246
CHEMBL654,MIRTAZAPINE,CN1CCN2c3ncccc3Cc3ccccc3C2C1,265.36,ChEMBL,0.0846,Gefitinib,0.1651,0.7293,0.2457
CHEMBL778,DEXMEDETOMIDINE,Cc1cccc([C@H](C)c2c[nH]cn2)c1C,200.29,ChEMBL,0.0882,Erlotinib,0.129,0.7921,0.2453
CHEMBL110,BENZNIDAZOLE,O=C(Cn1ccnc1[N+](=O)[O-])NCc1ccccc1,260.25,ChEMBL,0.1007,Osimertinib,0.1903,0.6436,0.2451
CHEMBL783,NATEGLINIDE,CC(C)[C@H]1CC[C@H](C(=O)N[C@H](Cc2ccccc2)C(=O)O)CC1,317.43,ChEMBL,0.0811,Erlotinib,0.1074,0.8461,0.2446
CHEMBL742,KETAMINE,CNC1(c2ccccc2Cl)CCCCC1=O,237.73,ChEMBL,0.0769,Gefitinib,0.1058,0.8572,0.2445
CHEMBL134,CLONIDINE,Clc1cccc(Cl)c1NC1=NCCN1,230.1,ChEMBL,0.0918,Erlotinib,0.1305,0.7764,0.2442
CHEMBL640,PROCAINAMIDE,CCN(CC)CCNC(=O)c1ccc(N)cc1,235.33,ChEMBL,0.1071,Afatinib,0.1366,0.7315,0.2438
CHEMBL21731,MAPROTILINE,CNCCCC12CCC(c3ccccc31)c1ccccc12,277.41,ChEMBL,0.0727,Erlotinib,0.1228,0.8254,0.2433
CHEMBL477,ADENOSINE,Nc1ncnc2c1ncn2[C@@H]1O[C@H](CO)[C@@H](O)[C@H]1O,267.25,ChEMBL,0.0982,Erlotinib,0.2643,0.4905,0.2431
CHEMBL19449,IBUDILAST,CC(C)C(=O)c1c(C(C)C)nn2ccccc12,230.31,ChEMBL,0.0827,Osimertinib,0.1456,0.7581,0.2429
CHEMBL7568,QUINACRINE,CCN(CC)CCCC(C)Nc1c2ccc(Cl)cc2nc2ccc(OC)cc12,399.97,ChEMBL,0.1387,Gefitinib,0.243,0.4494,0.2426
CHEMBL625,THIABENDAZOLE,c1ccc2[nH]c(-c3cscn3)nc2c1,201.25,ChEMBL,0.0776,Afatinib,0.1998,0.6573,0.2424
CHEMBL409,BICALUTAMIDE,CC(O)(CS(=O)(=O)c1ccc(F)cc1)C(=O)Nc1ccc(C#N)c(C(F)(F)F)c1,430.38,ChEMBL,0.1119,Afatinib,0.2135,0.5604,0.2422
CHEMBL806,FLUTAMIDE,CC(C)C(=O)Nc1ccc([N+](=O)[O-])c(C(F)(F)F)c1,276.21,ChEMBL,0.1217,Afatinib,0.1424,0.6802,0.2417
CHEMBL24944,TRIBROMSALAN,O=C(Nc1ccc(Br)cc1)c1cc(Br)cc(Br)c1O,449.92,ChEMBL,0.1062,Afatinib,0.155,0.6825,0.241
CHEMBL273575,NOMIFENSINE,CN1Cc2c(N)cccc2C(c2ccccc2)C1,238.33,ChEMBL,0.0734,Erlotinib,0.1419,0.774,0.2409
CHEMBL472,GLYBURIDE,COc1ccc(Cl)cc1C(=O)NCCc1ccc(S(=O)(=O)NC(=O)NC2CCCCC2)cc1,494.01,ChEMBL,0.1242,Lapatinib,0.2184,0.5192,0.2409
CHEMBL282052,METHAQUALONE,Cc1ccccc1-n1c(C)nc2ccccc2c1=O,250.3,ChEMBL,0.0847,Afatinib,0.1839,0.6651,0.2405
CHEMBL278020,NEOSTIGMINE,CN(C)C(=O)Oc1cccc([N+](C)(C)C)c1,223.3,ChEMBL,0.1193,Afatinib,0.1227,0.7171,0.2402
CHEMBL425,OLSALAZINE,O=C(O)c1cc(/N=N/c2ccc(O)c(C(=O)O)c2)ccc1O,302.24,ChEMBL,0.066,Afatinib,0.2139,0.64,0.24
CHEMBL451,CHLORDIAZEPOXIDE,CNC1=Nc2ccc(Cl)cc2C(c2ccccc2)=[N+]([O-])C1,299.76,ChEMBL,0.1024,Gefitinib,0.1722,0.65,0.2398
CHEMBL416,METHOXSALEN,COc1c2occc2cc2ccc(=O)oc12,216.19,ChEMBL,0.0847,Gefitinib,0.2214,0.5864,0.2397
CHEMBL452,CLONAZEPAM,O=C1CN=C(c2ccccc2Cl)c2cc([N+](=O)[O-])ccc2N1,315.72,ChEMBL,0.0752,Gefitinib,0.1801,0.6825,0.2386
CHEMBL546,OXPRENOLOL,C=CCOc1ccccc1OCC(O)CNC(C)C,265.35,ChEMBL,0.1053,Osimertinib,0.1546,0.6705,0.2381
CHEMBL723,CARVEDILOL,COc1ccccc1OCCNCC(O)COc1cccc2[nH]c3ccccc3c12,406.48,ChEMBL,0.126,Erlotinib,0.2942,0.35,0.2381
CHEMBL404,TAZOBACTAM,C[C@]1(Cn2ccnn2)[C@H](C(=O)O)N2C(=O)C[C@H]2S1(=O)=O,300.3,ChEMBL,0.0775,Afatinib,0.181,0.6722,0.2378
CHEMBL290106,BITHIONOL,Oc1c(Cl)cc(Cl)cc1Sc1cc(Cl)cc(Cl)c1O,356.06,ChEMBL,0.0777,Afatinib,0.1623,0.7079,0.2376
CHEMBL652,FLECAINIDE,O=C(NCC1CCCCN1)c1cc(OCC(F)(F)F)ccc1OCC(F)(F)F,414.35,ChEMBL,0.1037,Afatinib,0.154,0.6716,0.2374
CHEMBL534,KETOTIFEN,CN1CCC(=C2c3ccccc3CC(=O)c3sccc32)CC1,309.43,ChEMBL,0.0682,Gefitinib,0.1585,0.7325,0.2372
CHEMBL16,PHENYTOIN,O=C1NC(=O)C(c2ccccc2)(c2ccccc2)N1,252.27,ChEMBL,0.0569,Osimertinib,0.1353,0.8002,0.2369
CHEMBL13280,FLUNITRAZEPAM,CN1C(=O)CN=C(c2ccccc2F)c2cc([N+](=O)[O-])ccc21,313.29,ChEMBL,0.0902,Gefitinib,0.1861,0.6313,0.2368
CHEMBL21333,PRANLUKAST,O=C(Nc1cccc2c(=O)cc(-c3nnn[nH]3)oc12)c1ccc(OCCCCc2ccccc2)cc1,481.51,ChEMBL,0.1161,Afatinib,0.3277,0.2944,0.2364
CHEMBL535,SUNITINIB,CCN(CC)CCNC(=O)c1c(C)[nH]c(/C=C2\C(=O)Nc3ccc(F)cc32)c1C,398.48,ChEMBL,0.1027,Afatinib,0.1723,0.6263,0.2353
CHEMBL53,APOMORPHINE,CN1CCc2cccc3c2[C@H]1Cc1ccc(O)c(O)c1-3,267.33,ChEMBL,0.0687,Gefitinib,0.1587,0.7213,0.2352
CHEMBL808,ECONAZOLE,Clc1ccc(COC(Cn2ccnc2)c2ccc(Cl)cc2Cl)cc1,381.69,ChEMBL,0.12,Gefitinib,0.198,0.5392,0.235
CHEMBL617,CEPHALOTHIN,CC(=O)OCC1=C(C(=O)O)N2C(=O)[C@@H](NC(=O)Cc3cccs3)[C@H]2SC1,396.45,ChEMBL,0.1079,Gefitinib,0.2119,0.5345,0.2348
CHEMBL772,RESERPINE,COC(=O)[C@H]1[C@H]2C[C@@H]3c4[nH]c5cc(OC)ccc5c4CCN3C[C@H]2C[C@@H](OC(=O)c2cc(OC)c(OC)c(OC)c2)[C@@H]1OC,608.69,ChEMBL,0.0984,Osimertinib,0.3019,0.3736,0.2348
CHEMBL521,IBUPROFEN,CC(C)Cc1ccc(C(C)C(=O)O)cc1,206.28,ChEMBL,0.0849,Afatinib,0.0902,0.8216,0.2344
CHEMBL578,ENALAPRIL,CCOC(=O)[C@H](CCc1ccccc1)N[C@@H](C)C(=O)N1CCC[C@H]1C(=O)O,376.45,ChEMBL,0.0968,Erlotinib,0.17,0.6358,0.2339
CHEMBL635,PREDNISONE,C[C@]12C=CC(=O)C=C1CC[C@@H]1[C@@H]2C(=O)C[C@@]2(C)[C@H]1CC[C@]2(O)C(=O)CO,358.43,ChEMBL,0.0701,Osimertinib,0.1218,0.7848,0.2337
CHEMBL822,TERBINAFINE,CN(C/C=C/C#CC(C)(C)C)Cc1cccc2ccccc12,291.44,ChEMBL,0.0909,Osimertinib,0.1301,0.7259,0.2336
CHEMBL620,CLIDINIUM,C[N+]12CCC(CC1)C(OC(=O)C(O)(c1ccccc1)c1ccccc1)C2,352.45,ChEMBL,0.0804,Erlotinib,0.1634,0.6798,0.2335
CHEMBL760,ANAGRELIDE,O=C1CN2Cc3c(ccc(Cl)c3Cl)N=C2N1,256.09,ChEMBL,0.0744,Gefitinib,0.1235,0.7703,0.2332
CHEMBL28318,PROPYPHENAZONE,Cc1c(C(C)C)c(=O)n(-c2ccccc2)n1C,230.31,ChEMBL,0.0714,Gefitinib,0.1223,0.7787,0.2332
CHEMBL32800,FENOTEROL,CC(Cc1ccc(O)cc1)NCC(O)c1cc(O)cc(O)c1,303.36,ChEMBL,0.0935,Erlotinib,0.2062,0.5631,0.2325
CHEMBL672,FENOFIBRATE,CC(C)OC(=O)C(C)(C)Oc1ccc(C(=O)c2ccc(Cl)cc2)cc1,360.84,ChEMBL,0.1102,Afatinib,0.1941,0.5541,0.2325
CHEMBL479,THIORIDAZINE,CSc1ccc2c(c1)N(CCC1CCCCN1C)c1ccccc1S2,370.59,ChEMBL,0.0857,Gefitinib,0.1843,0.6192,0.2318
CHEMBL81,RALOXIFENE,O=C(c1ccc(OCCN2CCCCC2)cc1)c1c(-c2ccc(O)cc2)sc2cc(O)ccc12,473.59,ChEMBL,0.1119,Gefitinib,0.3073,0.3187,0.2314
CHEMBL429,LABETALOL,CC(CCc1ccccc1)NCC(O)c1ccc(O)c(C(N)=O)c1,328.41,ChEMBL,0.0917,Erlotinib,0.1867,0.5968,0.2307
CHEMBL27193,DILEVALOL,C[C@H](CCc1ccccc1)NC[C@H](O)c1ccc(O)c(C(N)=O)c1,328.41,ChEMBL,0.0917,Erlotinib,0.1867,0.5968,0.2307
CHEMBL24,ATENOLOL,CC(C)NCC(O)COc1ccc(CC(N)=O)cc1,266.34,ChEMBL,0.1028,Erlotinib,0.1536,0.6377,0.2301
CHEMBL431,SPIRAPRIL,CCOC(=O)[C@H](CCc1ccccc1)N[C@@H](C)C(=O)N1CC2(C[C@H]1C(=O)O)SCCS2,466.63,ChEMBL,0.0985,Erlotinib,0.2082,0.5359,0.2299
CHEMBL74,CROMOLYN SODIUM,O=C([O-])c1cc(=O)c2c(OCC(O)COc3cccc4oc(C(=O)[O-])cc(=O)c34)cccc2o1.[Na+].[Na+],512.33,ChEMBL,0.1171,Erlotinib,0.3468,0.2219,0.2299
CHEMBL603,ZAFIRLUKAST,COc1cc(C(=O)NS(=O)(=O)c2ccccc2C)ccc1Cc1cn(C)c2ccc(NC(=O)OC3CCCC3)cc12,575.69,ChEMBL,0.1236,Osimertinib,0.3119,0.2787,0.2299
CHEMBL753,PHENOXYBENZAMINE,CC(COc1ccccc1)N(CCCl)Cc1ccccc1,303.83,ChEMBL,0.0876,Lapatinib,0.1475,0.6779,0.2296
CHEMBL93,ZILEUTON,CC(c1cc2ccccc2s1)N(O)C(N)=O,236.3,ChEMBL,0.094,Afatinib,0.1688,0.6216,0.2294
CHEMBL6437,MIANSERIN,CN1CCN2c3ccccc3Cc3ccccc3C2C1,264.37,ChEMBL,0.0714,Gefitinib,0.1411,0.7213,0.2293
CHEMBL455,SULFACETAMIDE,CC(=O)NS(=O)(=O)c1ccc(N)cc1,214.25,ChEMBL,0.0851,Erlotinib,0.1465,0.6828,0.2292
CHEMBL108,CARBAMAZEPINE,NC(=O)N1c2ccccc2C=Cc2ccccc21,236.27,ChEMBL,0.0737,Erlotinib,0.1232,0.7484,0.2284
CHEMBL111,RIMONABANT,Cc1c(C(=O)NN2CCCCC2)nn(-c2ccc(Cl)cc2Cl)c1-c1ccc(Cl)cc1,463.8,ChEMBL,0.1007,Gefitinib,0.209,0.5208,0.228
CHEMBL626,NAFTIFINE,CN(C/C=C/c1ccccc1)Cc1cccc2ccccc12,287.41,ChEMBL,0.0851,Osimertinib,0.1653,0.6391,0.228
CHEMBL569,PROCAINE,CCN(CC)CCOC(=O)c1ccc(N)cc1,236.31,ChEMBL,0.1111,Erlotinib,0.1569,0.6038,0.228
CHEMBL468,THALIDOMIDE,O=C1CCC(N2C(=O)c3ccccc3C2=O)C(=O)N1,258.23,ChEMBL,0.068,Erlotinib,0.1397,0.7234,0.2278
CHEMBL20,ACETAZOLAMIDE,CC(=O)Nc1nnc(S(N)(=O)=O)s1,222.25,ChEMBL,0.0734,Afatinib,0.1794,0.6319,0.2275
CHEMBL592,LEVORPHANOL,CN1CC[C@]23CCCC[C@H]2[C@H]1Cc1ccc(O)cc13,257.38,ChEMBL,0.0763,Gefitinib,0.1055,0.7718,0.2271
CHEMBL116,AMPRENAVIR,CC(C)CN(C[C@@H](O)[C@H](Cc1ccccc1)NC(=O)O[C@H]1CCOC1)S(=O)(=O)c1ccc(N)cc1,505.64,ChEMBL,0.1145,Lapatinib,0.252,0.3997,0.2265
CHEMBL435,HYDROCHLOROTHIAZIDE,NS(=O)(=O)c1cc2c(cc1Cl)NCNS2(=O)=O,297.75,ChEMBL,0.0756,Afatinib,0.1615,0.6545,0.2257
CHEMBL631,PROPAFENONE,CCCNCC(O)COc1ccccc1C(=O)CCc1ccccc1,341.45,ChEMBL,0.1221,Afatinib,0.1988,0.4865,0.2257
CHEMBL501,AMPHETAMINE SULFATE,CC(N)Cc1ccccc1.O=S(=O)(O)O,233.29,ChEMBL,0.1,Lapatinib,0.1338,0.6594,0.2254
CHEMBL40,PHENOBARBITAL,CCC1(c2ccccc2)C(=O)NC(=O)NC1=O,232.24,ChEMBL,0.0722,Erlotinib,0.1226,0.7369,0.2253
CHEMBL24072,PRENYLAMINE,CC(Cc1ccccc1)NCCC(c1ccccc1)c1ccccc1,329.49,ChEMBL,0.1,Lapatinib,0.1712,0.5809,0.2247
CHEMBL91,MICONAZOLE,Clc1ccc(COC(Cn2ccnc2)c2ccc(Cl)cc2Cl)c(Cl)c1,416.14,ChEMBL,0.128,Gefitinib,0.2012,0.4617,0.224
CHEMBL481,IRINOTECAN,CCc1c2c(nc3ccc(OC(=O)N4CCC(N5CCCCC5)CC4)cc13)-c1cc3c(c(=O)n1C2)COC(=O)[C@]3(O)CC,586.69,ChEMBL,0.0852,Gefitinib,0.2966,0.356,0.2239
CHEMBL645,BISOPROLOL,CC(C)NCC(O)COc1ccc(COCCOC(C)C)cc1,325.45,ChEMBL,0.0965,Erlotinib,0.1698,0.5778,0.2221
CHEMBL493,BROMOCRIPTINE,CC(C)C[C@H]1C(=O)N2CCC[C@H]2[C@]2(O)O[C@](NC(=O)[C@@H]3C=C4c5cccc6[nH]c(Br)c(c56)C[C@H]4N(C)C3)(C(C)C)C(=O)N12,654.61,ChEMBL,0.0994,Gefitinib,0.2273,0.4563,0.2219
CHEMBL70,MORPHINE,CN1CC[C@]23c4c5ccc(O)c4O[C@H]2[C@@H](O)C=C[C@H]3[C@H]1C5,285.34,ChEMBL,0.0647,Gefitinib,0.1384,0.7033,0.2219
CHEMBL714,ALBUTEROL,CC(C)(C)NCC(O)c1ccc(O)c(CO)c1,239.31,ChEMBL,0.0874,Erlotinib,0.1475,0.639,0.2218
CHEMBL588,FENOLDOPAM,Oc1ccc(C2CNCCc3c2cc(O)c(O)c3Cl)cc1,305.76,ChEMBL,0.0703,Gefitinib,0.1781,0.6114,0.2216
CHEMBL515,CHLORAMBUCIL,O=C(O)CCCc1ccc(N(CCCl)CCCl)cc1,304.22,ChEMBL,0.0877,Afatinib,0.1101,0.7111,0.2213
CHEMBL577,ENALAPRILAT ANHYDROUS,C[C@H](N[C@@H](CCc1ccccc1)C(=O)O)C(=O)N1CCC[C@H]1C(=O)O,348.4,ChEMBL,0.082,Erlotinib,0.1453,0.65,0.2209
CHEMBL423,BETAXOLOL,CC(C)NCC(O)COc1ccc(CCOCC2CC2)cc1,307.43,ChEMBL,0.094,Erlotinib,0.1501,0.6164,0.2209
CHEMBL442,ERGOTAMINE,CN1C[C@H](C(=O)N[C@]2(C)O[C@@]3(O)[C@@H]4CCCN4C(=O)[C@H](Cc4ccccc4)N3C2=O)C=C2c3cccc4[nH]cc(c34)C[C@H]21,581.67,ChEMBL,0.0788,Lapatinib,0.2565,0.434,0.2209
CHEMBL813,EPROSARTAN,CCCCc1ncc(/C=C(\Cc2cccs2)C(=O)O)n1Cc1ccc(C(=O)O)cc1,424.52,ChEMBL,0.0966,Afatinib,0.2261,0.4585,0.2208
CHEMBL669,CYCLOBENZAPRINE,CN(C)CCC=C1c2ccccc2C=Cc2ccccc21,275.4,ChEMBL,0.0853,Osimertinib,0.1279,0.6774,0.2208
CHEMBL752,ADENOSINE PHOSPHATE,Nc1ncnc2c1ncn2[C@@H]1O[C@H](COP(=O)(O)O)[C@@H](O)[C@H]1O,347.22,ChEMBL,0.0933,Lapatinib,0.2623,0.3902,0.2203
CHEMBL691,ETHINYL ESTRADIOL,C#C[C@]1(O)CC[C@H]2[C@@H]3CCc4cc(O)ccc4[C@H]3CC[C@@]21C,296.41,ChEMBL,0.0826,Erlotinib,0.108,0.718,0.2198
CHEMBL550,PILOCARPINE,CC[C@@H]1C(=O)OC[C@@H]1Cc1cncn1C,208.26,ChEMBL,0.075,Gefitinib,0.1238,0.7001,0.2195
CHEMBL6966,VERAPAMIL,COc1ccc(CCN(C)CCCC(C#N)(c2ccc(OC)c(OC)c2)C(C)C)cc1OC,454.61,ChEMBL,0.1053,Gefitinib,0.2296,0.4199,0.2179
CHEMBL503,LOVASTATIN,CC[C@H](C)C(=O)O[C@H]1C[C@@H](C)C=C2C=C[C@H](C)[C@H](CC[C@@H]3C[C@@H](O)CC(=O)O3)[C@H]21,404.55,ChEMBL,0.08,Afatinib,0.1258,0.672,0.2167
CHEMBL276568,"CEFPROZIL ANHYDROUS, (E)-",C/C=C/C1=C(C(=O)O)N2C(=O)[C@@H](NC(=O)[C@H](N)c3ccc(O)cc3)[C@H]2SC1,389.43,ChEMBL,0.0845,Gefitinib,0.1838,0.5451,0.2163
CHEMBL19,METHAZOLAMIDE,CC(=O)/N=c1/sc(S(N)(=O)=O)nn1C,236.28,ChEMBL,0.062,Osimertinib,0.156,0.6449,0.2162
CHEMBL459,METHYLDOPA,C[C@](N)(Cc1ccc(O)c(O)c1)C(=O)O,211.22,ChEMBL,0.1111,Afatinib,0.1569,0.543,0.2158
CHEMBL135,ESTRADIOL,C[C@]12CC[C@@H]3c4ccc(O)cc4CC[C@H]3[C@@H]1CC[C@@H]2O,272.39,ChEMBL,0.0608,Osimertinib,0.0993,0.7572,0.2155
CHEMBL131,PREDNISOLONE,C[C@]12C=CC(=O)C=C1CC[C@@H]1[C@@H]2[C@@H](O)C[C@@]2(C)[C@H]1CC[C@]2(O)C(=O)CO,360.45,ChEMBL,0.0696,Osimertinib,0.1216,0.6946,0.2154
CHEMBL24778,SILODOSIN,C[C@H](Cc1cc2c(c(C(N)=O)c1)N(CCCO)CC2)NCCOc1ccccc1OCC(F)(F)F,495.54,ChEMBL,0.1181,Erlotinib,0.2347,0.3698,0.2151
CHEMBL710,FINASTERIDE,CC(C)(C)NC(=O)[C@H]1CC[C@H]2[C@@H]3CC[C@H]4NC(=O)C=C[C@]4(C)[C@H]3CC[C@]12C,372.55,ChEMBL,0.0929,Afatinib,0.0747,0.7351,0.2141
CHEMBL711,PHENINDIONE,O=C1c2ccccc2C(=O)C1c1ccccc1,222.24,ChEMBL,0.0532,Erlotinib,0.1338,0.6951,0.2138
CHEMBL776,METAPROTERENOL,CC(C)NCC(O)c1cc(O)cc(O)c1,211.26,ChEMBL,0.0842,Erlotinib,0.1462,0.6021,0.2126
CHEMBL83,TAMOXIFEN,CC/C(=C(\c1ccccc1)c1ccc(OCCN(C)C)cc1)c1ccccc1,371.52,ChEMBL,0.1101,Erlotinib,0.194,0.4506,0.2118
CHEMBL104,CLOTRIMAZOLE,Clc1ccccc1C(c1ccccc1)(c1ccccc1)n1ccnc1,344.85,ChEMBL,0.0932,Afatinib,0.206,0.4545,0.2106
CHEMBL632,BETAMETHASONE,C[C@H]1C[C@H]2[C@@H]3CCC4=CC(=O)C=C[C@]4(C)[C@@]3(F)[C@@H](O)C[C@]2(C)[C@@]1(O)C(=O)CO,392.47,ChEMBL,0.0694,Gefitinib,0.1215,0.6672,0.2098
CHEMBL650,METHYLPREDNISOLONE,C[C@H]1C[C@@H]2[C@H]([C@@H](O)C[C@@]3(C)[C@H]2CC[C@]3(O)C(=O)CO)[C@@]2(C)C=CC(=O)C=C12,374.48,ChEMBL,0.0625,Afatinib,0.1188,0.6851,0.2095
CHEMBL17157,TERFENADINE,CC(C)(C)c1ccc(C(O)CCCN2CCC(C(O)(c3ccccc3)c3ccccc3)CC2)cc1,471.69,ChEMBL,0.1102,Gefitinib,0.2128,0.3969,0.2086
CHEMBL788,IDOXURIDINE,O=c1[nH]c(=O)n([C@H]2C[C@H](O)[C@@H](CO)O2)cc1I,354.1,ChEMBL,0.0714,Osimertinib,0.1598,0.578,0.2081
CHEMBL18442,PLERIXAFOR,c1cc(CN2CCCNCCNCCCNCC2)ccc1CN1CCCNCCNCCCNCC1,502.8,ChEMBL,0.1071,Gefitinib,0.2303,0.3538,0.2057
CHEMBL647,APRACLONIDINE,Nc1cc(Cl)c(N=C2NCCN2)c(Cl)c1,245.11,ChEMBL,0.0734,Gefitinib,0.1044,0.6604,0.2032
CHEMBL434,ISOPROTERENOL,CC(C)NCC(O)c1ccc(O)c(O)c1,211.26,ChEMBL,0.0808,Erlotinib,0.1448,0.5633,0.2029
CHEMBL812,PYRIDOSTIGMINE BROMIDE,CN(C)C(=O)Oc1ccc[n+](C)c1.[Br-],261.12,ChEMBL,0.1204,Afatinib,0.1232,0.527,0.2028
CHEMBL803,CYTARABINE,Nc1ccn([C@@H]2O[C@H](CO)[C@@H](O)[C@@H]2O)c(=O)n1,243.22,ChEMBL,0.0809,Osimertinib,0.2011,0.4489,0.2026
CHEMBL832,SULFINPYRAZONE,O=C1C(CC[S+]([O-])c2ccccc2)C(=O)N(c2ccccc2)N1c1ccccc1,404.49,ChEMBL,0.0756,Afatinib,0.199,0.4638,0.2026
CHEMBL496,HEXACHLOROPHENE,Oc1c(Cl)cc(Cl)c(Cl)c1Cc1c(O)c(Cl)cc(Cl)c1Cl,406.91,ChEMBL,0.084,Lapatinib,0.1461,0.5507,0.2022
CHEMBL152,CIDOFOVIR ANHYDROUS,Nc1ccn(C[C@@H](CO)OCP(=O)(O)O)c(=O)n1,279.19,ChEMBL,0.0909,Erlotinib,0.1864,0.452,0.2013
CHEMBL17879,MARALIXIBAT CHLORIDE,CCCCC1(CCCC)CS(=O)(=O)c2ccc(N(C)C)cc2[C@@H](c2ccc(OCc3ccc(C[N+]45CCN(CC4)CC5)cc3)cc2)[C@H]1O.[Cl-],710.43,ChEMBL,0.1006,Osimertinib,0.2652,0.2738,0.2011
CHEMBL814,FLUVOXAMINE,COCCCC/C(=N\OCCN)c1ccc(C(F)(F)F)cc1,318.34,ChEMBL,0.124,Afatinib,0.1621,0.432,0.2008
CHEMBL36506,NOVOBIOCIN,CO[C@@H]1[C@@H](OC(N)=O)[C@@H](O)[C@H](Oc2ccc3c(O)c(NC(=O)c4ccc(O)c(CC=C(C)C)c4)c(=O)oc3c2C)OC1(C)C,612.63,ChEMBL,0.1053,Afatinib,0.3046,0.1837,0.2007
CHEMBL488,AMINOGLUTETHIMIDE,CCC1(c2ccc(N)cc2)CCC(=O)NC1=O,232.28,ChEMBL,0.0769,Erlotinib,0.1245,0.5969,0.1999
CHEMBL533,IBUTILIDE,CCCCCCCN(CC)CCCC(O)c1ccc(NS(C)(=O)=O)cc1,384.59,ChEMBL,0.1056,Lapatinib,0.1547,0.4725,0.1986
CHEMBL516,CYPROHEPTADINE,CN1CCC(=C2c3ccccc3C=Cc3ccccc32)CC1,287.41,ChEMBL,0.0796,Gefitinib,0.1256,0.5792,0.1979
CHEMBL43128,PRIMAQUINE PHOSPHATE,COc1cc(NC(C)CCCN)c2ncccc2c1.O=P(O)(O)O.O=P(O)(O)O,455.34,ChEMBL,0.1167,Erlotinib,0.2342,0.2854,0.1974
CHEMBL688,FENTANYL CITRATE,CCC(=O)N(c1ccccc1)C1CCN(CCc2ccccc2)CC1.O=C(O)CC(O)(CC(=O)O)C(=O)O,528.6,ChEMBL,0.0952,Erlotinib,0.2256,0.3444,0.1972
CHEMBL103,PROGESTERONE,CC(=O)[C@H]1CC[C@H]2[C@@H]3CCC4=CC(=O)CC[C@]4(C)[C@H]3CC[C@]12C,314.47,ChEMBL,0.0743,Osimertinib,0.0672,0.7013,0.1969
CHEMBL129,ZIDOVUDINE,Cc1cn([C@H]2C[C@H](N=[N+]=[N-])[C@@H](CO)O2)c(=O)[nH]c1=O,267.25,ChEMBL,0.0972,Osimertinib,0.1701,0.4454,0.196
CHEMBL267894,AMOBARBITAL,CCC1(CCC(C)C)C(=O)NC(=O)NC1=O,226.28,ChEMBL,0.055,Afatinib,0.0782,0.7068,0.1946
CHEMBL697,METHSUXIMIDE,CN1C(=O)CC(C)(c2ccccc2)C1=O,203.24,ChEMBL,0.0631,Gefitinib,0.1002,0.6457,0.1945
CHEMBL115,INDINAVIR ANHYDROUS,CC(C)(C)NC(=O)[C@@H]1CN(Cc2cccnc2)CCN1C[C@@H](O)C[C@@H](Cc1ccccc1)C(=O)N[C@H]1c2ccccc2C[C@H]1O,613.8,ChEMBL,0.0778,Afatinib,0.2749,0.2628,0.1936
CHEMBL786,TAMOXIFEN CITRATE,CC/C(=C(\c1ccccc1)c1ccc(OCCN(C)C)cc1)c1ccccc1.O=C(O)CC(O)(CC(=O)O)C(=O)O,563.65,ChEMBL,0.1074,Osimertinib,0.268,0.2166,0.1935
CHEMBL290960,NIFURTIMOX,CC1CS(=O)(=O)CCN1/N=C/c1ccc([N+](=O)[O-])o1,287.3,ChEMBL,0.0611,Gefitinib,0.1932,0.4586,0.1934
CHEMBL448,PENTOBARBITAL,CCCC(C)C1(CC)C(=O)NC(=O)NC1=O,226.28,ChEMBL,0.0515,Erlotinib,0.0768,0.7068,0.1927
CHEMBL417,EPIRUBICIN,COc1cccc2c1C(=O)c1c(O)c3c(c(O)c1C2=O)C[C@@](O)(C(=O)CO)C[C@@H]3O[C@H]1C[C@H](N)[C@@H](O)[C@H](C)O1,543.53,ChEMBL,0.0987,Erlotinib,0.2645,0.2353,0.1923
CHEMBL787,MONTELUKAST,CC(C)(O)c1ccccc1CC[C@@H](SCC1(CC(=O)O)CC1)c1cccc(/C=C/c2ccc3ccc(Cl)cc3n2)c1,586.2,ChEMBL,0.1198,Afatinib,0.2729,0.1736,0.1918
CHEMBL528,CEFTIZOXIME,CO/N=C(\C(=O)N[C@@H]1C(=O)N2C(C(=O)O)=CCS[C@H]12)c1csc(N)n1,383.41,ChEMBL,0.0833,Gefitinib,0.2208,0.3483,0.1913
CHEMBL717,MEDROXYPROGESTERONE ACETATE,CC(=O)O[C@]1(C(C)=O)CC[C@H]2[C@@H]3C[C@H](C)C4=CC(=O)CC[C@]4(C)[C@H]3CC[C@@]21C,386.53,ChEMBL,0.0566,Osimertinib,0.0976,0.648,0.1913
CHEMBL559,DEXTROTHYROXINE,N[C@H](Cc1cc(I)c(Oc2cc(I)c(O)c(I)c2)c(I)c1)C(=O)O,776.87,ChEMBL,0.0924,Afatinib,0.187,0.3882,0.1894
CHEMBL464,ETRETINATE,CCOC(=O)/C=C(C)/C=C/C=C(C)/C=C/c1c(C)cc(OC)c(C)c1C,354.49,ChEMBL,0.1408,Osimertinib,0.1501,0.3607,0.1885
CHEMBL465,DRONABINOL,CCCCCc1cc(O)c2c(c1)OC(C)(C)[C@@H]1CCC(C)=C[C@@H]21,314.47,ChEMBL,0.08,Erlotinib,0.107,0.5673,0.1883
CHEMBL584,NELFINAVIR,Cc1c(O)cccc1C(=O)N[C@@H](CSc1ccccc1)[C@H](O)CN1C[C@H]2CCCC[C@H]2C[C@H]1C(=O)NC(C)(C)C,567.8,ChEMBL,0.0829,Osimertinib,0.2207,0.3265,0.1867
CHEMBL105,MITOMYCIN,CO[C@@]12[C@H](COC(N)=O)C3=C(C(=O)C(C)=C(N)C3=O)N1C[C@@H]1N[C@@H]12,334.33,ChEMBL,0.0779,Osimertinib,0.1812,0.4107,0.1858
CHEMBL127,MEROPENEM,C[C@@H](O)[C@H]1C(=O)N2C(C(=O)O)=C(S[C@@H]3CN[C@H](C(=O)N(C)C)C3)[C@H](C)[C@H]12,383.47,ChEMBL,0.051,Osimertinib,0.1329,0.5588,0.1853
CHEMBL114,SAQUINAVIR,CC(C)(C)NC(=O)[C@@H]1C[C@@H]2CCCC[C@@H]2CN1C[C@@H](O)[C@H](Cc1ccccc1)NC(=O)[C@H](CC(N)=O)NC(=O)c1ccc2ccccc2n1,670.86,ChEMBL,0.0838,Afatinib,0.2773,0.1975,0.1839
CHEMBL282042,SAQUINAVIR MESYLATE,CC(C)(C)NC(=O)[C@@H]1C[C@@H]2CCCC[C@@H]2CN1C[C@@H](O)[C@H](Cc1ccccc1)NC(=O)[C@H](CC(N)=O)NC(=O)c1ccc2ccccc2n1.CS(=O)(=O)O,766.96,ChEMBL,0.0879,Afatinib,0.2977,0.148,0.1838
CHEMBL449,BUTABARBITAL,CCC(C)C1(CC)C(=O)NC(=O)NC1=O,212.25,ChEMBL,0.0421,Erlotinib,0.0731,0.6791,0.1819
CHEMBL633,AMIODARONE,CCCCc1oc2ccccc2c1C(=O)c1cc(I)c(OCCN(CC)CC)c(I)c1,645.32,ChEMBL,0.1295,Afatinib,0.2393,0.1676,0.181
CHEMBL55,PENTAMIDINE,N=C(N)c1ccc(OCCCCCOc2ccc(C(=N)N)cc2)cc1,340.43,ChEMBL,0.1075,Erlotinib,0.193,0.302,0.1806
CHEMBL702,PIPERACILLIN,CCN1CCN(C(=O)N[C@@H](C(=O)N[C@@H]2C(=O)N3[C@@H]2SC(C)(C)[C@@H]3C(=O)O)c2ccccc2)C(=O)C1=O,517.56,ChEMBL,0.0784,Gefitinib,0.2001,0.3448,0.1804
CHEMBL403,SULBACTAM,CC1(C)[C@H](C(=O)O)N2C(=O)C[C@H]2S1(=O)=O,233.24,ChEMBL,0.0536,Afatinib,0.0964,0.5988,0.1798
CHEMBL278623,MACIMORELIN,CC(C)(N)C(=O)N[C@H](Cc1c[nH]c2ccccc12)C(=O)N[C@H](Cc1c[nH]c2ccccc12)NC=O,474.57,ChEMBL,0.1024,Erlotinib,0.266,0.1539,0.1781
CHEMBL38827,LUMEFANTRINE,CCCCN(CCCC)CC(O)c1cc(Cl)cc2c1-c1ccc(Cl)cc1/C2=C/c1ccc(Cl)cc1,528.95,ChEMBL,0.1314,Afatinib,0.2026,0.2217,0.1779
CHEMBL130,CHLORAMPHENICOL,O=C(N[C@H](CO)[C@H](O)c1ccc([N+](=O)[O-])cc1)C(Cl)Cl,323.13,ChEMBL,0.0756,Afatinib,0.1615,0.4091,0.1767
CHEMBL58,MITOXANTRONE,O=C1c2c(O)ccc(O)c2C(=O)c2c(NCCNCCO)ccc(NCCNCCO)c21,444.49,ChEMBL,0.1043,Afatinib,0.2667,0.1393,0.1763
CHEMBL820,BUSULFAN,CS(=O)(=O)OCCCCOS(C)(=O)=O,246.31,ChEMBL,0.0714,Lapatinib,0.1411,0.4533,0.1757
CHEMBL729,LOPINAVIR,Cc1cccc(C)c1OCC(=O)N[C@@H](Cc1ccccc1)[C@@H](O)C[C@H](Cc1ccccc1)NC(=O)[C@H](C(C)C)N1CCCNC1=O,628.81,ChEMBL,0.0933,Erlotinib,0.2436,0.1999,0.1747
CHEMBL703,SUXAMETHONIUM,C[N+](C)(C)CCOC(=O)CCC(=O)OCC[N+](C)(C)C,290.4,ChEMBL,0.0909,Afatinib,0.1114,0.4516,0.1712
CHEMBL6622,ISOSORBIDE DINITRATE,O=[N+]([O-])O[C@H]1CO[C@H]2[C@@H]1OC[C@H]2O[N+](=O)[O-],236.14,ChEMBL,0.0377,Gefitinib,0.1651,0.4464,0.1704
CHEMBL7728,HEXOBARBITAL,CN1C(=O)NC(=O)C(C)(C2=CCCCC2)C1=O,236.27,ChEMBL,0.0678,Gefitinib,0.0834,0.5492,0.1703
CHEMBL98,VORINOSTAT,O=C(CCCCCCC(=O)Nc1ccccc1)NO,264.33,ChEMBL,0.0991,Afatinib,0.1334,0.3832,0.1696
CHEMBL447,SECOBARBITAL,C=CCC1(C(C)CCC)C(=O)NC(=O)NC1=O,238.29,ChEMBL,0.0615,Osimertinib,0.0808,0.5605,0.169
CHEMBL454,BUTALBITAL,C=CCC1(CC(C)C)C(=O)NC(=O)NC1=O,224.26,ChEMBL,0.0635,Osimertinib,0.0816,0.5514,0.1683
CHEMBL818,IOBENGUANE,N=C(N)NCc1cccc(I)c1,275.09,ChEMBL,0.1042,Erlotinib,0.0979,0.4322,0.1673
CHEMBL441,THIOPENTAL,CCCC(C)C1(CC)C(=O)NC(=S)NC1=O,242.34,ChEMBL,0.0505,Erlotinib,0.0764,0.5777,0.1663
CHEMBL530,AMDINOCILLIN,CC1(C)S[C@@H]2[C@H](/N=C/N3CCCCCC3)C(=O)N2[C@H]1C(=O)O,325.43,ChEMBL,0.0698,Afatinib,0.1029,0.4824,0.1656
CHEMBL7863,APROBARBITAL,C=CCC1(C(C)C)C(=O)NC(=O)NC1=O,210.23,ChEMBL,0.065,Osimertinib,0.0822,0.5279,0.1645
CHEMBL420,GUANABENZ,N=C(N)N/N=C/c1c(Cl)cccc1Cl,231.09,ChEMBL,0.0928,Erlotinib,0.1121,0.4122,0.1644
CHEMBL790,CHLORHEXIDINE,N=C(NCCCCCCNC(=N)NC(=N)Nc1ccc(Cl)cc1)NC(=N)Nc1ccc(Cl)cc1,505.46,ChEMBL,0.1351,Afatinib,0.204,0.1394,0.1635
CHEMBL88,CYCLOPHOSPHAMIDE ANHYDROUS,O=P1(N(CCCl)CCCl)NCCCO1,261.09,ChEMBL,0.0469,Osimertinib,0.0563,0.6057,0.1624
CHEMBL268164,CYCLOBARBITAL,CCC1(C2=CCCCC2)C(=O)NC(=O)NC1=O,236.27,ChEMBL,0.0481,Erlotinib,0.0755,0.5594,0.1613
CHEMBL572,NITROFURANTOIN,O=C1CN(/N=C/c2ccc([N+](=O)[O-])o2)C(=O)N1,238.16,ChEMBL,0.0567,Lapatinib,0.1727,0.3457,0.1609
CHEMBL730,NITROGLYCERIN,O=[N+]([O-])OCC(CO[N+](=O)[O-])O[N+](=O)[O-],227.08,ChEMBL,0.0444,Erlotinib,0.1678,0.3732,0.1595
CHEMBL514,LOMUSTINE,O=NN(CCCl)C(=O)NC1CCCCC1,233.7,ChEMBL,0.0796,Afatinib,0.0881,0.46,0.1591
CHEMBL38,TRETINOIN,CC1=C(/C=C/C(C)=C/C=C/C(C)=C/C(=O)O)C(C)(C)CCC1,300.44,ChEMBL,0.078,Osimertinib,0.05,0.5296,0.1571
CHEMBL547,ISOTRETINOIN,CC1=C(/C=C/C(C)=C/C=C/C(C)=C\C(=O)O)C(C)(C)CCC1,300.44,ChEMBL,0.078,Osimertinib,0.05,0.5296,0.1571
CHEMBL705,ALITRETINOIN,CC1=C(/C=C/C(C)=C\C=C\C(C)=C\C(=O)O)C(C)(C)CCC1,300.44,ChEMBL,0.078,Osimertinib,0.05,0.5296,0.1571
CHEMBL513,CARMUSTINE,O=NN(CCCl)C(=O)NCCCl,214.05,ChEMBL,0.0857,Afatinib,0.0905,0.4236,0.1552
CHEMBL7413,METHOHEXITAL,C=CCC1(C(C)C#CCC)C(=O)NC(=O)N(C)C1=O,262.31,ChEMBL,0.0643,Osimertinib,0.082,0.4735,0.1532
CHEMBL608,PROBUCOL,CC(C)(Sc1cc(C(C)(C)C)c(O)c(C(C)(C)C)c1)Sc1cc(C(C)(C)C)c(O)c(C(C)(C)C)c1,516.86,ChEMBL,0.0543,Erlotinib,0.1717,0.3132,0.153
CHEMBL690,PRAVASTATIN SODIUM,CC[C@H](C)C(=O)O[C@H]1C[C@H](O)C=C2C=C[C@H](C)[C@H](CC[C@@H](O)C[C@@H](O)CC(=O)[O-])[C@H]21.[Na+],446.52,ChEMBL,0.08,Afatinib,0.1632,0.2645,0.1502
CHEMBL532,ERYTHROMYCIN,CC[C@H]1OC(=O)[C@H](C)[C@@H](O[C@H]2C[C@@](C)(OC)[C@@H](O)[C@H](C)O2)[C@H](C)[C@@H](O[C@@H]2O[C@H](C)C[C@H](N(C)C)[C@H]2O)[C@](C)(O)C[C@@H](C)C(=O)[C@H](C)[C@@H](O)[C@]1(C)O,733.94,ChEMBL,0.0737,Osimertinib,0.1795,0.2379,0.1489
CHEMBL556,DEFEROXAMINE,CC(=O)N(O)CCCCCNC(=O)CCC(=O)N(O)CCCCCNC(=O)CCC(=O)N(O)CCCCCN,560.69,ChEMBL,0.1345,Afatinib,0.2038,0.0596,0.1472
CHEMBL606,MISOPROSTOL,CCCCC(C)(O)C/C=C/[C@H]1[C@H](O)CC(=O)[C@@H]1CCCCCCC(=O)OC,382.54,ChEMBL,0.0929,Afatinib,0.1309,0.2862,0.1468
CHEMBL440,THIAMYLAL,C=CCC1(C(C)CCC)C(=O)NC(=S)NC1=O,254.35,ChEMBL,0.0611,Osimertinib,0.0807,0.4441,0.1455
CHEMBL529,AZITHROMYCIN,CC[C@H]1OC(=O)[C@H](C)[C@@H](O[C@H]2C[C@@](C)(OC)[C@@H](O)[C@H](C)O2)[C@H](C)[C@@H](O[C@@H]2O[C@H](C)C[C@H](N(C)C)[C@H]2O)[C@](C)(O)C[C@@H](C)CN(C)[C@H](C)[C@@H](O)[C@]1(C)O,749.0,ChEMBL,0.0604,Afatinib,0.1742,0.2385,0.1415
CHEMBL266349,MELAGATRAN,N=C(N)c1ccc(CNC(=O)[C@@H]2CCN2C(=O)[C@H](NCC(=O)O)C2CCCCC2)cc1,429.52,ChEMBL,0.0549,Osimertinib,0.1532,0.2897,0.1412
CHEMBL30,CIMETIDINE,CN/C(=N\CCSCc1nc[nH]c1C)NC#N,252.35,ChEMBL,0.0877,Erlotinib,0.1476,0.2347,0.1411
CHEMBL766,CILASTATIN,CC1(C)C[C@@H]1C(=O)N/C(=C\CCCCSC[C@H](N)C(=O)O)C(=O)O,358.46,ChEMBL,0.0677,Afatinib,0.1208,0.3246,0.1403
CHEMBL548,DINOPROSTONE,CCCCC[C@H](O)/C=C/[C@H]1[C@H](O)CC(=O)[C@@H]1C/C=C\CCCC(=O)O,352.47,ChEMBL,0.0638,Afatinib,0.1005,0.3701,0.1397
CHEMBL738,THIOPENTAL SODIUM,CCCC(C)C1(CC)C(=O)[N-]C(=S)NC1=O.[Na+],264.33,ChEMBL,0.0571,Erlotinib,0.0791,0.4082,0.1361
CHEMBL495,ALPROSTADIL,CCCCC[C@H](O)/C=C/[C@H]1[C@H](O)CC(=O)[C@@H]1CCCCCCC(=O)O,354.49,ChEMBL,0.0652,Afatinib,0.1011,0.3476,0.136
CHEMBL706,CETYL ALCOHOL,CCCCCCCCCCCCCCCCO,242.45,ChEMBL,0.0854,Erlotinib,0.0529,0.401,0.1355
CHEMBL494,ILOPROST,CC#CCC(C)[C@H](O)/C=C/[C@@H]1[C@H]2C/C(=C/CCCC(=O)O)C[C@H]2C[C@H]1O,360.49,ChEMBL,0.0679,Osimertinib,0.0834,0.3514,0.1308
CHEMBL815,DINOPROST,CCCCC[C@H](O)/C=C/[C@@H]1[C@@H](C/C=C\CCCC(=O)O)[C@@H](O)C[C@H]1O,354.49,ChEMBL,0.0652,Afatinib,0.1011,0.3189,0.1303
CHEMBL15891,LINDANE,Cl[C@H]1[C@H](Cl)[C@@H](Cl)[C@@H](Cl)[C@H](Cl)[C@H]1Cl,290.83,ChEMBL,0.0112,Gefitinib,0.0045,0.5976,0.1258
CHEMBL780,PENTETIC ACID,O=C(O)CN(CCN(CC(=O)O)CC(=O)O)CCN(CC(=O)O)CC(=O)O,393.35,ChEMBL,0.0517,Osimertinib,0.1707,0.1819,0.1253
CHEMBL148,IMIPENEM ANHYDROUS,C[C@@H](O)[C@H]1C(=O)N2C(C(=O)O)=C(SCCNC=N)C[C@H]12,299.35,ChEMBL,0.0758,Afatinib,0.1241,0.2245,0.1249
CHEMBL719,MUPIROCIN,C/C(=C\C(=O)OCCCCCCCCC(=O)O)C[C@@H]1OC[C@H](C[C@@H]2O[C@H]2[C@@H](C)[C@H](C)O)[C@@H](O)[C@H]1O,500.63,ChEMBL,0.0719,Afatinib,0.1788,0.1087,0.122
CHEMBL675,ALENDRONATE SODIUM,NCCCC(O)(P(=O)([O-])O)P(=O)(O)O.[Na+],271.08,ChEMBL,0.0566,Afatinib,0.1164,0.245,0.1182
CHEMBL30219,METHOHEXITAL SODIUM,C=CCC1(C(C)C#CCC)C(=O)N=C([O-])N(C)C1=O.[Na+],284.29,ChEMBL,0.0699,Osimertinib,0.0842,0.2453,0.1107
CHEMBL125,MILTEFOSINE,CCCCCCCCCCCCCCCCOP(=O)([O-])OCC[N+](C)(C)C,407.58,ChEMBL,0.0789,Gefitinib,0.1066,0.1481,0.1038
